<?xml version = '1.0' encoding = 'UTF-8'?>
<Table class="oracle.dbtools.crest.model.design.relational.Table" directorySegmentName="seg_0" id="04F9F3C5-41FD-F133-ECC2-67BB059A87A6" name="APPSEVERITY">
<createdBy>ianbo</createdBy>
<createdTime>2022-08-28 12:48:50 UTC</createdTime>
<ownerDesignName>appsdemo</ownerDesignName>
<ordsAlias>table_1</ordsAlias>
<allowColumnReorder>false</allowColumnReorder>
<existDependencyGenerateInDDl>true</existDependencyGenerateInDDl>
<parsed>true</parsed>
<columns itemClass="oracle.dbtools.crest.model.design.relational.Column">
<Column name="SEVERITY" id="B4BCE554-8C73-C4CC-3278-FDB452161506">
<createdBy>ianbo</createdBy>
<createdTime>2022-08-28 13:35:57 UTC</createdTime>
<ownerDesignName>appsdemo</ownerDesignName>
<useDomainConstraints>false</useDomainConstraints>
<use>1</use>
<logicalDatatype>LOGDT024</logicalDatatype>
<dataTypeSize>1 BYTE</dataTypeSize>
<ownDataTypeParameters>1 BYTE,,</ownDataTypeParameters>
<autoIncrementCycle>false</autoIncrementCycle>
</Column>
<Column name="SEVERITY_DESC" id="34D4EEA4-C847-9054-A59C-7B584F84849E">
<createdBy>ianbo</createdBy>
<createdTime>2022-08-28 13:37:21 UTC</createdTime>
<ownerDesignName>appsdemo</ownerDesignName>
<nullsAllowed>true</nullsAllowed>
<useDomainConstraints>false</useDomainConstraints>
<use>1</use>
<logicalDatatype>LOGDT024</logicalDatatype>
<dataTypeSize>30 BYTE</dataTypeSize>
<ownDataTypeParameters>30 BYTE,,</ownDataTypeParameters>
<autoIncrementCycle>false</autoIncrementCycle>
</Column>
</columns>
<indexes itemClass="oracle.dbtools.crest.model.design.relational.Index">
<ind_PK_UK id="CCA862B2-4C54-68D3-DA2A-DD7255E29AC4" name="APPSEVERITY_PK">
<createdBy>ianbo</createdBy>
<createdTime>2022-08-28 13:35:57 UTC</createdTime>
<ownerDesignName>appsdemo</ownerDesignName>
<pk>true</pk>
<indexState>Primary Constraint</indexState>
<isSurrogateKey>false</isSurrogateKey>
<indexColumnUsage>
<colUsage columnID="B4BCE554-8C73-C4CC-3278-FDB452161506"/>
</indexColumnUsage>
</ind_PK_UK>
<ind_PK_UK id="F7C014E6-133C-8385-757D-E0A5A9C6C824" name="APPSEVERITY_IDX">
<createdBy>ianbo</createdBy>
<createdTime>2022-08-28 18:06:09 UTC</createdTime>
<ownerDesignName>appsdemo</ownerDesignName>
<indexState>Unique Plain Index</indexState>
<isSurrogateKey>false</isSurrogateKey>
<indexColumnUsage>
<colUsage columnID="B4BCE554-8C73-C4CC-3278-FDB452161506"/>
</indexColumnUsage>
</ind_PK_UK>
</indexes>
</Table>