<?xml version = '1.0' encoding = 'UTF-8'?>
<FKIndexAssociation class="oracle.dbtools.crest.model.design.relational.FKIndexAssociation" directorySegmentName="seg_0" id="1E73B1C4-EB99-996E-69BC-32B7C099044F" containerWithKeyObject="CE86D849-FF39-E9D7-DF0E-A3676E6DD8F1" localFKIndex="4E9E130E-09B5-55D9-C611-E4907948E3CB" name="COUNTRY_HOLIDAY_COUNTRY_FK">
<createdBy>ianbo</createdBy>
<createdTime>2022-08-28 18:43:42 UTC</createdTime>
<ownerDesignName>scottorder</ownerDesignName>
<referredTableLongName>COUNTRY</referredTableLongName>
<deleteRule>NO ACTION</deleteRule>
<referredTableID>3F2FCAFE-9EBF-838E-9E88-4AEA01DE9EBB</referredTableID>
<keyObject>52906617-E2EB-F9FF-47FB-9B25AE2470DA</keyObject>
<referredKeyID>52906617-E2EB-F9FF-47FB-9B25AE2470DA</referredKeyID>
<mandatory>true</mandatory>
<refColNames>COUNTRY_ID</refColNames>
<transferable>true</transferable>
<rely>false</rely>
<columnDependencyConstraintGenerateInDDL>true</columnDependencyConstraintGenerateInDDL>
</FKIndexAssociation>